Customer_ID,Age,Gender,Location,Order_Count,Average_Order_Value,Favorite_Cuisine,Peak_Order_Times,Discounts_Used,App_Logins,Feedback_Count,Churn,Customer_Lifetime_Value
1,56,Male,City A,7,2.6,Mexican,Lunch,2,38,3,1,1383
2,46,Female,City D,8,17.74,Italian,Lunch,3,30,1,0,2754
3,32,Male,City C,8,7.6,Italian,Dinner,9,5,2,0,895
4,60,Other,City A,12,19.72,Mexican,Late Night,9,8,1,0,12
5,25,Male,City B,12,33.05,Italian,Lunch,9,43,3,1,34
6,38,Male,City D,18,18.92,Indian,Dinner,9,30,4,0,1211
7,56,Male,City A,6,7.01,Indian,Dinner,9,37,1,1,327
8,36,Male,City C,9,5.91,Chinese,Late Night,2,37,4,0,866
9,40,Other,City A,12,7.93,Italian,Lunch,0,12,1,0,225
10,28,Other,City C,5,3.6,Chinese,Dinner,7,24,4,0,315
11,28,Female,City B,5,4,Indian,Late Night,9,20,1,0,702
12,41,Other,City D,14,31.28,Indian,Dinner,9,25,4,0,3711
13,53,Other,City D,6,9.71,Indian,Lunch,1,49,2,0,957
14,57,Female,City D,13,11.45,Italian,Late Night,0,30,0,0,2751
15,41,Other,City B,14,18.03,Italian,Dinner,7,27,1,0,3203
16,20,Male,City C,7,17.82,Indian,Late Night,6,22,2,0,233
17,39,Male,City B,11,1.4,Chinese,Lunch,6,35,0,0,372
18,19,Female,City D,11,35.62,Chinese,Late Night,3,46,1,1,1469
19,41,Female,City B,9,3.9,Mexican,Lunch,8,16,2,0,2015
20,61,Female,City B,10,25.68,Indian,Dinner,5,5,2,1,732
21,47,Male,City B,10,29.63,Chinese,Lunch,1,46,2,0,4994
22,55,Other,City C,6,25.1,Indian,Dinner,0,13,3,0,11
23,19,Male,City A,11,17.3,Chinese,Dinner,0,7,4,0,356
24,38,Female,City A,7,0.29,Mexican,Lunch,8,30,0,0,975
25,50,Other,City B,12,8.94,Mexican,Dinner,3,13,4,0,633
26,29,Other,City A,6,18.57,Indian,Late Night,4,46,4,0,123
27,39,Male,City A,6,9.8,Chinese,Dinner,2,20,4,0,458
28,61,Female,City B,9,39.83,Italian,Lunch,3,28,2,0,25
29,42,Male,City B,14,7.39,Mexican,Late Night,7,18,4,1,1029
30,44,Other,City D,12,6.95,Indian,Late Night,3,7,3,1,2232
31,59,Male,City A,7,6.18,Indian,Dinner,8,38,1,0,2161
32,45,Male,City C,11,8.09,Chinese,Dinner,8,37,2,0,1202
33,33,Female,City B,11,16.3,Indian,Lunch,5,28,0,1,626
34,32,Female,City D,12,24.55,Mexican,Late Night,1,13,1,1,717
35,64,Other,City C,13,21.73,Indian,Lunch,9,17,1,0,147
36,61,Male,City A,9,32.98,Indian,Dinner,6,6,1,0,417
37,20,Male,City D,12,43.42,Italian,Late Night,8,11,4,1,207
38,54,Male,City B,9,33.86,Italian,Lunch,5,25,4,1,1721
39,24,Other,City C,12,0.38,Mexican,Lunch,2,23,2,0,2462
40,38,Other,City B,6,26.63,Chinese,Lunch,6,29,4,0,769
41,26,Female,City A,10,4.67,Italian,Lunch,4,26,4,1,1301
42,56,Female,City C,12,2.85,Chinese,Lunch,0,15,4,1,129
43,35,Female,City A,17,20.35,Mexican,Late Night,2,37,2,1,937
44,21,Male,City A,6,7.71,Italian,Lunch,4,36,2,1,1213
45,42,Male,City D,11,1.18,Chinese,Late Night,6,25,3,0,602
46,31,Female,City B,13,2.96,Italian,Lunch,2,43,3,1,278
47,26,Male,City C,14,0.02,Mexican,Dinner,5,24,3,0,2098
48,43,Female,City A,9,46.71,Mexican,Dinner,4,12,3,1,1358
49,19,Other,City A,10,0.5,Italian,Lunch,0,46,1,0,2301
50,37,Female,City C,16,4.7,Chinese,Dinner,9,41,1,1,1705
51,45,Other,City A,11,10.77,Indian,Late Night,5,13,3,0,4643
52,64,Male,City D,13,8.82,Indian,Lunch,7,29,3,0,213
53,24,Female,City D,3,48.55,Italian,Late Night,0,29,0,0,90
54,61,Male,City D,6,0.82,Chinese,Lunch,1,37,1,0,410
55,25,Other,City D,15,14.36,Indian,Dinner,3,6,0,1,138
56,64,Other,City A,3,22.82,Mexican,Late Night,1,23,0,1,740
57,52,Other,City C,8,53.68,Chinese,Dinner,8,24,4,0,1002
58,31,Male,City C,9,19.37,Indian,Dinner,9,46,2,0,863
59,34,Male,City C,14,32.57,Chinese,Lunch,7,45,1,1,300
60,53,Male,City C,11,1.75,Italian,Late Night,7,46,3,1,2394
61,57,Male,City B,8,9.75,Chinese,Dinner,3,33,3,1,21
62,21,Other,City C,5,9.37,Indian,Lunch,4,10,2,1,427
63,19,Other,City B,12,43.48,Italian,Lunch,3,21,1,1,1269
64,23,Female,City B,6,3.28,Chinese,Lunch,8,29,3,0,1456
65,59,Female,City D,9,3.29,Mexican,Dinner,1,42,3,1,538
66,21,Male,City B,13,7.97,Indian,Lunch,7,8,4,0,17
67,46,Other,City A,6,1.12,Italian,Late Night,1,34,0,1,962
68,35,Other,City B,7,4.03,Chinese,Late Night,0,24,3,1,65
69,43,Other,City D,19,67.17,Mexican,Dinner,9,7,1,0,114
70,61,Female,City B,9,11.18,Indian,Late Night,2,27,2,0,1050
71,51,Female,City A,12,19.99,Mexican,Lunch,8,22,4,0,374
72,27,Other,City A,9,25.9,Chinese,Dinner,2,30,1,0,427
73,53,Other,City A,13,9.14,Chinese,Lunch,8,40,4,0,667
74,31,Other,City D,11,3.19,Italian,Dinner,6,12,0,1,3843
75,48,Female,City D,14,4.63,Mexican,Dinner,9,21,3,0,3365
76,32,Other,City C,6,7.52,Italian,Lunch,0,35,1,0,538
77,25,Other,City D,7,20.22,Indian,Late Night,9,41,2,1,308
78,31,Male,City A,14,10.16,Italian,Late Night,4,49,0,1,360
79,40,Male,City A,12,0.14,Indian,Dinner,8,37,0,0,313
80,57,Female,City D,13,14.82,Chinese,Lunch,2,31,4,1,759
81,38,Other,City B,13,50.9,Chinese,Lunch,8,49,0,0,933
82,33,Other,City D,8,33.43,Mexican,Dinner,4,8,1,0,670
83,62,Male,City D,10,34.88,Indian,Late Night,8,26,4,0,524
84,35,Female,City A,13,31.7,Chinese,Lunch,9,30,0,0,237
85,64,Male,City C,6,7.82,Mexican,Late Night,5,36,2,0,658
86,41,Male,City A,6,28.98,Mexican,Late Night,8,28,1,1,417
87,43,Male,City C,17,3.09,Italian,Dinner,6,39,2,1,780
88,42,Male,City A,12,21.44,Mexican,Dinner,6,41,2,0,1124
89,62,Other,City D,10,20.52,Chinese,Late Night,7,36,4,0,1003
90,58,Other,City A,8,0.52,Italian,Lunch,6,11,3,0,620
91,46,Male,City A,9,31.02,Indian,Lunch,8,37,4,1,812
92,32,Female,City A,9,46.71,Indian,Dinner,8,35,1,1,335
93,62,Female,City D,9,6.22,Chinese,Late Night,5,16,1,0,24
94,18,Female,City D,9,33.47,Chinese,Lunch,6,15,4,0,980
95,42,Female,City D,7,1.72,Italian,Lunch,1,28,3,0,291
96,24,Male,City D,9,18.32,Italian,Dinner,8,12,4,0,1105
97,26,Other,City C,8,13.3,Chinese,Late Night,0,36,1,0,1374
98,41,Female,City C,11,15.79,Chinese,Lunch,0,42,3,0,2476
99,18,Male,City B,15,52.13,Indian,Dinner,2,26,1,0,3173
100,61,Female,City D,9,41.01,Indian,Lunch,5,38,3,0,10
101,25,Female,City C,6,30.75,Indian,Lunch,4,23,3,0,4643
102,41,Male,City A,9,6.4,Chinese,Lunch,1,24,4,0,1148
103,28,Other,City D,6,48.57,Mexican,Dinner,8,18,4,1,1031
104,34,Other,City B,11,2.05,Chinese,Late Night,9,37,4,1,15
105,25,Male,City B,9,38.39,Chinese,Dinner,3,14,3,1,1974
106,52,Other,City B,13,7.95,Indian,Late Night,3,20,3,1,157
107,52,Male,City A,14,1.11,Chinese,Lunch,4,8,1,0,1816
108,50,Male,City C,12,22.13,Italian,Late Night,7,31,2,0,15
109,22,Male,City A,6,5.26,Chinese,Lunch,9,32,4,1,1038
110,59,Other,City D,6,5.58,Chinese,Lunch,3,47,1,0,570
111,56,Male,City B,5,7.31,Chinese,Dinner,4,20,1,0,224
112,58,Female,City A,13,1.32,Chinese,Lunch,3,37,0,0,113
113,45,Other,City A,8,3.9,Mexican,Dinner,5,23,4,0,580
114,24,Other,City C,15,0.1,Chinese,Late Night,2,25,1,0,131
115,26,Other,City C,15,11.79,Italian,Late Night,7,26,0,0,666
116,25,Other,City B,8,1.76,Italian,Lunch,5,13,4,1,981
117,29,Female,City A,10,22.96,Chinese,Dinner,9,13,3,0,1756
118,51,Other,City A,5,5.37,Indian,Lunch,4,13,0,1,1135
119,50,Other,City C,12,57.5,Mexican,Dinner,1,31,3,0,67
120,40,Male,City A,7,41,Chinese,Dinner,9,21,2,1,367
121,41,Other,City A,9,6.83,Chinese,Dinner,9,48,2,0,339
122,54,Female,City A,12,30.58,Chinese,Late Night,6,49,2,0,2465
123,52,Female,City C,14,32.52,Indian,Dinner,1,12,2,0,2023
124,61,Female,City B,5,86.2,Indian,Late Night,0,20,1,0,462
125,57,Female,City D,6,18.22,Indian,Dinner,6,22,2,0,73
126,39,Other,City B,4,1.71,Mexican,Late Night,4,37,1,0,2245
127,44,Other,City D,14,20.82,Italian,Late Night,0,5,1,0,2190
128,52,Female,City A,9,19.62,Mexican,Late Night,3,16,4,0,1929
129,18,Female,City B,13,20.34,Indian,Lunch,3,10,1,1,1864
130,52,Other,City D,7,7.34,Italian,Dinner,9,45,1,1,654
131,54,Female,City C,11,39.28,Italian,Lunch,6,9,2,0,195
132,64,Male,City C,9,64.12,Indian,Dinner,8,20,1,0,649
133,31,Female,City B,7,4.91,Indian,Dinner,1,22,3,1,682
134,20,Female,City B,6,1.85,Mexican,Lunch,0,22,2,0,673
135,18,Male,City A,13,4.33,Indian,Late Night,1,5,0,0,773
136,22,Male,City B,6,34.36,Italian,Dinner,6,23,2,0,297
137,43,Other,City A,11,22.58,Chinese,Late Night,9,12,1,0,456
138,31,Other,City A,10,20.21,Indian,Lunch,5,7,3,0,569
139,56,Male,City C,9,10.28,Indian,Late Night,3,29,2,0,140
140,44,Male,City C,6,17.25,Mexican,Dinner,0,9,3,0,607
141,26,Other,City D,8,7.36,Mexican,Dinner,0,44,0,0,1663
142,32,Female,City C,11,12.97,Indian,Dinner,4,23,0,1,1760
143,32,Male,City C,13,31.51,Italian,Lunch,0,22,4,0,530
144,43,Other,City B,7,79.52,Italian,Dinner,6,35,4,0,731
145,59,Female,City C,11,53.91,Chinese,Lunch,0,37,2,0,34
146,30,Male,City D,8,54.32,Indian,Late Night,0,22,4,0,1122
147,49,Female,City B,10,10.29,Mexican,Dinner,1,43,3,0,518
148,56,Other,City D,8,12.65,Italian,Dinner,9,20,4,0,589
149,49,Male,City C,8,24.46,Chinese,Dinner,2,20,3,0,2068
150,21,Female,City D,11,51.07,Indian,Late Night,0,42,4,0,619
151,47,Male,City B,7,3.06,Italian,Dinner,8,45,4,0,21
152,54,Female,City A,10,7.26,Indian,Lunch,9,11,4,0,258
153,40,Other,City D,10,3,Indian,Late Night,7,18,1,1,645
154,56,Other,City D,14,18.94,Italian,Late Night,4,47,1,0,552
155,62,Male,City B,17,7.31,Italian,Late Night,1,29,4,0,1968
156,32,Female,City B,12,7.89,Italian,Late Night,4,36,3,0,781
157,60,Male,City D,15,1.47,Indian,Late Night,5,42,2,0,1170
158,46,Male,City C,6,8.61,Indian,Lunch,0,26,0,1,633
159,53,Female,City D,6,39.68,Chinese,Late Night,3,20,1,0,579
160,30,Female,City B,17,5.31,Mexican,Dinner,8,33,4,0,591
161,49,Female,City A,13,23.76,Indian,Late Night,1,20,0,0,529
162,24,Other,City A,12,19.86,Mexican,Late Night,4,16,1,0,773
163,39,Male,City C,7,39.83,Italian,Late Night,0,21,2,0,288
164,45,Male,City D,19,2.84,Indian,Late Night,3,41,3,0,2216
165,19,Other,City A,8,75.96,Chinese,Late Night,3,31,4,0,405
166,59,Female,City D,9,17.48,Chinese,Lunch,5,29,2,1,159
167,62,Other,City B,7,107.96,Mexican,Lunch,9,17,1,0,101
168,23,Other,City A,9,48.5,Italian,Late Night,8,12,4,0,13
169,45,Other,City C,11,5.01,Mexican,Lunch,2,9,0,1,549
170,45,Male,City B,9,1.16,Italian,Dinner,8,16,3,1,207
171,61,Other,City C,11,5.9,Chinese,Late Night,5,45,1,0,21
172,61,Male,City B,14,15,Mexican,Dinner,6,7,3,0,734
173,37,Male,City A,8,3.77,Chinese,Dinner,9,39,4,1,1139
174,47,Male,City C,9,3.67,Chinese,Late Night,1,37,2,0,89
175,28,Female,City C,9,12.42,Italian,Dinner,9,26,3,0,617
176,45,Male,City B,8,0.68,Mexican,Dinner,5,48,0,1,1361
177,42,Male,City C,8,2.6,Mexican,Dinner,5,13,1,0,4254
178,56,Female,City B,10,10.75,Chinese,Late Night,1,45,0,0,1100
179,50,Male,City B,11,1.3,Chinese,Late Night,1,22,3,0,280
180,18,Other,City B,12,10.11,Italian,Dinner,1,33,2,0,1260
181,44,Other,City B,6,12.85,Indian,Late Night,9,43,2,1,911
182,30,Male,City A,12,12,Indian,Late Night,0,31,0,0,238
183,58,Female,City B,12,40.68,Chinese,Dinner,4,40,4,1,1904
184,20,Other,City D,14,15.1,Indian,Late Night,7,49,4,0,557
185,56,Female,City C,14,12.62,Indian,Lunch,1,21,2,0,3269
186,23,Female,City D,12,10.58,Indian,Late Night,4,38,0,0,1283
187,25,Other,City A,11,34.03,Indian,Lunch,7,7,0,1,1034
188,44,Female,City D,15,45.09,Chinese,Dinner,9,9,0,1,1303
189,26,Other,City C,8,38.38,Indian,Late Night,4,18,3,0,650
190,54,Female,City D,9,22.39,Indian,Dinner,1,7,4,0,703
191,50,Other,City A,11,2.96,Italian,Dinner,2,27,4,0,1905
192,59,Male,City B,6,6.48,Chinese,Dinner,5,43,3,1,1142
193,61,Other,City D,6,0.94,Mexican,Dinner,4,34,1,0,2275
194,41,Other,City A,11,53.42,Mexican,Dinner,3,49,3,0,2214
195,32,Other,City A,10,21.62,Italian,Late Night,3,27,0,0,3750
196,49,Other,City C,12,27.44,Italian,Lunch,4,31,3,0,1204
197,49,Female,City C,9,7.47,Chinese,Late Night,1,14,0,0,697
198,41,Male,City D,9,37.37,Mexican,Late Night,8,29,2,0,181
199,58,Other,City B,13,6.01,Indian,Late Night,1,17,0,1,1222
200,29,Female,City A,10,0.03,Italian,Late Night,9,20,4,0,344
201,56,Male,City D,4,9.45,Mexican,Lunch,1,45,3,0,332
202,19,Male,City A,14,16.91,Chinese,Late Night,9,38,0,0,272
203,20,Male,City A,14,13.03,Indian,Dinner,8,41,1,0,2080
204,54,Male,City B,7,39.62,Chinese,Late Night,2,26,2,1,2024
205,34,Other,City B,9,2.23,Italian,Late Night,9,21,1,0,996
206,19,Other,City D,13,16.14,Mexican,Lunch,6,27,1,0,640
207,19,Female,City B,15,14.39,Mexican,Lunch,3,40,1,0,1115
208,45,Female,City B,9,6.61,Mexican,Dinner,5,13,2,0,934
209,40,Female,City D,9,34.55,Mexican,Late Night,3,6,2,0,537
210,54,Male,City B,10,27.96,Indian,Late Night,9,36,2,0,477
211,49,Male,City C,11,26.4,Indian,Late Night,6,26,2,0,482
212,50,Other,City A,8,41.78,Chinese,Dinner,0,47,1,1,889
213,18,Male,City A,9,25.66,Indian,Lunch,2,17,4,0,1043
214,36,Male,City A,9,5.28,Italian,Dinner,2,12,4,0,601
215,19,Male,City A,11,24.45,Italian,Late Night,0,5,2,1,3463
216,61,Female,City D,14,7.35,Mexican,Lunch,5,21,3,0,87
217,43,Female,City A,14,5.55,Italian,Lunch,8,16,0,0,426
218,49,Other,City A,11,1.52,Chinese,Dinner,7,8,3,0,543
219,23,Male,City A,10,27.25,Indian,Lunch,6,17,3,0,17
220,49,Male,City A,5,24.83,Indian,Lunch,9,35,3,0,454
221,21,Other,City C,16,5.34,Indian,Late Night,7,45,4,0,319
222,28,Male,City A,9,27.68,Italian,Late Night,5,11,0,1,705
223,34,Male,City C,6,49.98,Indian,Lunch,8,27,3,0,410
224,55,Female,City D,6,2.29,Mexican,Lunch,2,28,2,0,1295
225,41,Other,City B,9,5.3,Mexican,Dinner,9,9,4,0,713
226,22,Other,City A,10,27.75,Mexican,Dinner,9,9,2,0,138
227,51,Other,City B,5,6.42,Italian,Lunch,8,21,2,0,1386
228,23,Other,City B,6,19.6,Indian,Late Night,3,34,3,0,104
229,39,Female,City D,10,1.69,Italian,Lunch,6,13,2,0,1826
230,28,Female,City B,9,12.04,Indian,Lunch,8,10,0,1,2679
231,33,Male,City C,12,26.87,Chinese,Late Night,1,29,2,0,389
232,50,Male,City B,10,23.2,Chinese,Late Night,1,23,3,1,2605
233,26,Male,City B,10,33.76,Italian,Dinner,8,20,2,1,1575
234,23,Male,City B,7,41.99,Mexican,Dinner,2,25,4,0,2556
235,33,Female,City A,12,29.67,Italian,Dinner,8,6,4,1,1097
236,46,Other,City A,8,22.27,Mexican,Dinner,4,14,4,1,268
237,20,Female,City C,10,0.64,Indian,Late Night,5,20,1,0,2249
238,37,Male,City C,6,15.31,Mexican,Lunch,1,41,4,1,203
239,53,Female,City A,11,0.77,Mexican,Dinner,7,19,4,0,239
240,36,Other,City C,10,33.01,Indian,Dinner,8,17,1,0,316
241,43,Other,City A,12,7.73,Chinese,Late Night,1,17,4,1,362
242,20,Female,City D,10,16.53,Indian,Late Night,5,36,3,0,722
243,36,Female,City B,10,6.55,Italian,Lunch,5,49,4,0,1249
244,37,Female,City B,13,30.51,Italian,Lunch,7,12,4,0,2606
245,49,Male,City C,8,43.52,Italian,Late Night,9,47,1,1,92
246,24,Female,City A,10,10.17,Italian,Dinner,4,22,3,1,3087
247,58,Female,City A,9,39.74,Italian,Dinner,8,40,2,0,2542
248,50,Female,City C,15,6.21,Chinese,Dinner,0,30,0,1,55
249,57,Other,City A,10,15.3,Chinese,Lunch,8,14,3,0,446
250,56,Other,City D,11,39.15,Mexican,Dinner,9,35,2,0,1677
251,35,Male,City B,13,7.89,Italian,Dinner,6,37,3,0,945
252,57,Male,City C,8,61.6,Indian,Late Night,3,33,2,1,1510
253,18,Other,City C,8,2.6,Italian,Dinner,2,9,2,0,1269
254,28,Other,City A,7,0.37,Chinese,Late Night,9,17,3,0,686
255,45,Other,City C,10,46.9,Italian,Dinner,5,5,1,1,42
256,42,Female,City D,11,1.42,Chinese,Lunch,0,27,3,1,877
257,40,Female,City A,8,96.29,Mexican,Dinner,2,44,3,0,49
258,48,Other,City A,10,60.48,Mexican,Dinner,1,7,2,0,925
259,47,Female,City A,8,2.95,Mexican,Late Night,8,7,0,1,1611
260,59,Female,City A,4,15.43,Chinese,Late Night,2,11,2,1,879
261,52,Male,City D,12,4.09,Italian,Late Night,1,40,4,0,5816
262,24,Other,City A,9,11.18,Italian,Dinner,3,39,3,1,608
263,33,Other,City C,8,1.27,Indian,Dinner,1,19,3,1,1381
264,43,Female,City D,10,5.07,Chinese,Lunch,0,44,1,1,1100
265,19,Other,City B,11,9.03,Indian,Dinner,5,7,2,1,4759
266,18,Male,City B,14,11.55,Mexican,Lunch,9,33,1,0,1249
267,29,Male,City C,7,75.88,Italian,Late Night,7,34,3,0,179
268,22,Male,City C,6,32.99,Chinese,Late Night,9,43,2,0,3112
269,54,Other,City D,12,26.74,Indian,Late Night,9,22,2,0,1101
270,49,Other,City B,14,15.4,Indian,Lunch,1,15,4,1,61
271,26,Other,City B,8,36.65,Indian,Dinner,8,47,4,1,1071
272,58,Other,City B,8,8.29,Italian,Late Night,2,42,0,0,2146
273,52,Other,City B,11,24.68,Italian,Dinner,7,44,4,0,860
274,36,Male,City B,10,101.61,Italian,Dinner,7,5,2,0,436
275,33,Female,City A,9,7.56,Chinese,Late Night,2,33,4,0,1719
276,20,Male,City C,7,22.42,Italian,Lunch,2,14,0,0,1525
277,37,Other,City A,14,37.2,Chinese,Dinner,5,32,3,0,785
278,41,Male,City B,13,49.49,Indian,Late Night,0,35,4,0,167
279,50,Other,City D,11,25.31,Indian,Dinner,3,23,2,0,288
280,41,Other,City D,10,6.67,Mexican,Dinner,0,7,3,0,1341
281,28,Male,City B,8,7.9,Italian,Dinner,2,40,2,1,1640
282,25,Other,City B,11,0.42,Indian,Dinner,8,47,3,0,327
283,53,Female,City D,15,28.62,Italian,Dinner,4,19,2,0,458
284,55,Other,City A,9,0.87,Chinese,Lunch,4,37,4,0,80
285,57,Female,City A,12,40,Indian,Lunch,3,45,4,0,1249
286,37,Female,City B,9,2.53,Italian,Late Night,2,47,0,1,3
287,52,Other,City A,7,3.77,Indian,Lunch,4,49,3,0,47
288,42,Male,City D,12,12.95,Indian,Lunch,3,30,0,1,4
289,52,Female,City A,15,26.78,Italian,Lunch,7,20,1,0,1036
290,42,Male,City B,10,2.99,Indian,Dinner,3,40,4,0,540
291,46,Female,City D,16,11.6,Indian,Dinner,7,37,3,0,353
292,35,Other,City A,6,13.19,Indian,Late Night,5,24,0,1,2438
293,63,Other,City C,14,4.77,Indian,Late Night,4,17,0,0,214
294,35,Female,City D,9,2.46,Chinese,Late Night,3,37,1,1,493
295,19,Other,City D,16,36.21,Indian,Dinner,3,9,0,0,2818
296,52,Female,City C,5,13.96,Mexican,Lunch,3,41,2,0,557
297,33,Other,City C,6,0.29,Indian,Lunch,8,18,4,1,808
298,58,Male,City D,14,32.49,Italian,Dinner,3,31,0,1,83
299,53,Other,City C,8,79.05,Mexican,Late Night,8,27,0,0,1561
300,50,Male,City B,8,18.62,Chinese,Late Night,9,18,1,0,549
301,21,Other,City B,5,14.01,Mexican,Late Night,5,44,2,0,1612
302,50,Male,City B,9,42.14,Mexican,Dinner,9,8,0,0,292
303,31,Other,City D,10,60.95,Mexican,Late Night,6,43,4,1,549
304,38,Male,City C,11,28.09,Italian,Late Night,9,23,4,0,1544
305,37,Female,City C,7,11.79,Italian,Dinner,2,8,0,0,3644
306,25,Female,City A,9,17.94,Italian,Lunch,7,34,2,1,61
307,24,Male,City A,9,24.14,Chinese,Dinner,2,23,4,1,1673
308,20,Other,City C,12,4.32,Italian,Dinner,0,35,4,0,357
309,34,Male,City C,16,11.86,Italian,Dinner,9,35,2,1,800
310,50,Other,City C,10,35.42,Mexican,Dinner,4,13,2,0,342
311,29,Female,City D,5,21.27,Italian,Lunch,1,17,0,0,950
312,39,Other,City C,13,10.59,Indian,Late Night,9,18,3,1,436
313,39,Female,City A,5,21.77,Italian,Dinner,5,14,1,0,405
314,63,Other,City D,17,2.52,Chinese,Lunch,9,35,3,0,38
315,47,Other,City C,12,10.27,Chinese,Late Night,8,41,3,0,158
316,55,Other,City A,15,31.51,Indian,Late Night,0,27,4,1,2489
317,55,Male,City D,13,4.98,Chinese,Late Night,3,31,2,0,6363
318,62,Male,City C,8,4.11,Chinese,Dinner,0,10,4,0,1516
319,25,Female,City C,6,60.24,Mexican,Dinner,0,30,1,0,338
320,44,Female,City C,11,4.71,Indian,Late Night,7,6,0,0,514
321,44,Male,City D,9,6.05,Mexican,Late Night,1,49,1,0,1345
322,51,Female,City A,7,69.88,Mexican,Late Night,0,17,4,1,3458
323,38,Male,City A,8,26.54,Italian,Late Night,7,23,4,0,607
324,47,Other,City B,12,24.05,Indian,Late Night,3,5,4,0,1769
325,50,Female,City C,11,38.34,Italian,Late Night,2,44,4,0,3691
326,45,Female,City B,11,2.46,Italian,Lunch,3,36,3,0,2067
327,64,Male,City B,10,24.48,Mexican,Late Night,4,26,0,1,257
328,50,Female,City A,12,14.01,Chinese,Dinner,0,33,3,0,8
329,22,Female,City D,8,35.34,Indian,Dinner,0,6,4,0,677
330,36,Other,City D,11,14.19,Chinese,Dinner,2,44,2,0,757
331,21,Female,City A,4,19.36,Mexican,Late Night,5,42,3,0,224
332,52,Other,City D,7,12.99,Mexican,Dinner,0,15,4,0,335
333,34,Male,City B,11,13.01,Mexican,Lunch,1,21,4,1,1448
334,61,Female,City C,11,29.22,Mexican,Late Night,6,47,0,0,635
335,45,Other,City A,7,19.81,Mexican,Dinner,0,12,1,1,381
336,47,Male,City C,14,20.06,Mexican,Lunch,6,26,3,0,974
337,46,Female,City D,10,11.97,Chinese,Lunch,3,8,3,0,1057
338,63,Male,City C,6,15.15,Italian,Dinner,9,15,3,0,1467
339,23,Female,City D,8,27.39,Chinese,Lunch,5,12,4,1,170
340,52,Male,City D,10,34.97,Indian,Dinner,7,13,0,0,1352
341,58,Male,City B,12,23.85,Chinese,Lunch,8,30,4,0,914
342,54,Other,City D,16,51.56,Mexican,Late Night,5,6,4,0,59
343,41,Male,City B,7,34.33,Chinese,Late Night,8,20,2,1,1502
344,46,Female,City B,9,16.5,Italian,Late Night,3,35,0,0,483
345,63,Female,City B,13,22.26,Indian,Late Night,5,10,3,0,401
346,48,Other,City A,13,52.16,Chinese,Late Night,7,25,1,1,594
347,52,Female,City A,6,19.31,Italian,Dinner,8,30,3,1,424
348,50,Female,City D,10,34.84,Chinese,Late Night,2,23,4,0,412
349,38,Female,City B,12,23.35,Indian,Late Night,1,32,0,0,1650
350,49,Male,City A,9,16.06,Chinese,Late Night,5,12,0,0,132
351,40,Male,City B,5,5.54,Mexican,Late Night,3,18,0,0,3526
352,50,Female,City C,10,11.1,Chinese,Lunch,0,28,2,1,809
353,20,Other,City C,17,68.68,Italian,Late Night,7,48,3,0,202
354,35,Male,City C,7,21.45,Chinese,Late Night,8,41,2,1,140
355,42,Other,City D,15,16.62,Italian,Dinner,8,30,1,0,895
356,59,Female,City B,7,54.05,Indian,Lunch,1,35,4,0,1002
357,48,Female,City C,12,17.66,Chinese,Dinner,8,36,2,0,54
358,20,Male,City A,12,14.93,Indian,Late Night,6,45,2,1,278
359,57,Female,City C,9,28.48,Indian,Dinner,4,6,4,0,1587
360,63,Male,City C,13,24.94,Chinese,Dinner,6,29,0,0,50
361,41,Female,City C,7,4.29,Italian,Late Night,8,48,4,0,1931
362,49,Female,City D,11,12.75,Indian,Lunch,7,6,3,1,1073
363,64,Male,City A,13,12.79,Indian,Lunch,5,46,4,1,569
364,39,Male,City B,10,9.5,Chinese,Dinner,3,5,0,0,425
365,40,Male,City A,6,14.57,Chinese,Late Night,0,40,4,0,19
366,19,Female,City B,13,10.66,Chinese,Dinner,5,16,2,1,1744
367,44,Female,City D,7,4.45,Chinese,Dinner,2,13,1,1,153
368,59,Other,City D,15,10.63,Chinese,Dinner,5,40,2,0,370
369,19,Male,City D,15,1.5,Mexican,Late Night,5,45,1,0,841
370,43,Female,City D,10,17.15,Chinese,Late Night,3,32,4,0,282
371,34,Female,City B,10,38.44,Italian,Lunch,1,42,3,0,687
372,57,Male,City C,5,25.84,Indian,Late Night,8,37,4,1,1657
373,50,Other,City B,8,8.94,Italian,Dinner,1,46,0,0,635
374,26,Male,City A,11,1.82,Italian,Dinner,2,26,4,0,2975
375,60,Other,City D,13,4.52,Mexican,Lunch,9,29,1,0,1880
376,56,Female,City D,17,15.77,Chinese,Late Night,0,22,2,1,405
377,46,Other,City A,12,4.64,Indian,Dinner,6,10,3,0,510
378,59,Female,City B,9,15.7,Italian,Lunch,0,22,4,0,550
379,43,Male,City C,11,5.27,Chinese,Lunch,8,20,4,0,983
380,52,Male,City C,8,37.8,Chinese,Dinner,0,19,2,0,337
381,42,Male,City A,6,10.13,Mexican,Dinner,4,12,3,0,3481
382,41,Other,City C,9,5.64,Mexican,Late Night,6,17,4,1,938
383,30,Female,City B,10,33.46,Mexican,Lunch,2,47,4,0,509
384,24,Male,City B,7,8.4,Indian,Dinner,8,11,1,0,1035
385,53,Male,City A,11,2.36,Italian,Lunch,7,21,1,0,503
386,62,Female,City B,11,16.9,Mexican,Late Night,2,36,0,0,1702
387,37,Male,City D,8,17.42,Mexican,Dinner,4,26,2,0,838
388,18,Female,City A,10,25.08,Mexican,Late Night,6,17,3,0,42
389,25,Female,City B,13,5.49,Italian,Lunch,3,27,4,0,194
390,63,Female,City A,12,11.73,Italian,Late Night,4,33,4,0,2002
391,33,Female,City C,8,6.64,Mexican,Late Night,2,26,0,1,827
392,31,Female,City B,10,1.69,Mexican,Lunch,8,5,4,0,3002
393,29,Other,City D,3,41.85,Chinese,Late Night,9,33,2,0,75
394,40,Male,City B,16,26.1,Mexican,Lunch,8,9,0,0,349
395,32,Other,City A,10,7.18,Indian,Dinner,6,39,2,1,215
396,45,Male,City A,11,18.29,Indian,Lunch,9,14,0,0,807
397,51,Other,City B,9,4.49,Mexican,Lunch,1,23,4,1,482
398,19,Female,City D,7,44.19,Italian,Dinner,6,41,0,0,171
399,49,Male,City D,14,2.44,Chinese,Lunch,6,11,1,1,1029
400,40,Male,City D,7,0.08,Italian,Dinner,4,39,3,0,768
401,39,Other,City A,12,13.94,Mexican,Dinner,8,49,4,0,321
402,42,Other,City B,9,17.5,Indian,Lunch,2,17,3,0,653
403,39,Male,City C,13,17.3,Chinese,Late Night,3,14,4,0,1369
404,39,Other,City A,8,1.12,Italian,Late Night,0,6,3,1,229
405,59,Other,City D,9,7.54,Italian,Dinner,5,10,1,0,346
406,23,Other,City B,13,13.83,Mexican,Late Night,3,12,3,1,424
407,32,Female,City D,6,4.88,Chinese,Late Night,0,40,0,0,1373
408,60,Female,City C,9,41.21,Indian,Lunch,1,29,3,0,1876
409,54,Other,City D,10,1.82,Mexican,Dinner,2,48,4,0,472
410,50,Other,City D,11,13.36,Chinese,Dinner,8,44,2,0,351
411,25,Female,City C,9,23.52,Italian,Lunch,7,11,3,1,2202
412,61,Female,City B,11,6.07,Mexican,Late Night,6,27,3,0,7361
413,61,Male,City A,11,19.58,Italian,Dinner,3,23,3,0,1109
414,22,Male,City B,12,35.37,Italian,Late Night,0,26,4,1,4603
415,56,Female,City C,6,4.22,Mexican,Dinner,7,17,3,0,1078
416,21,Other,City D,6,49.83,Mexican,Dinner,3,25,4,0,1322
417,23,Other,City B,14,16.13,Mexican,Dinner,2,5,4,0,492
418,62,Other,City A,1,7.11,Mexican,Dinner,8,23,2,0,567
419,49,Other,City C,6,11.27,Mexican,Late Night,9,37,0,0,155
420,47,Male,City B,12,7.48,Italian,Late Night,3,8,4,0,1730
421,64,Female,City A,12,25.83,Indian,Late Night,3,46,1,0,2674
422,52,Other,City C,10,31.82,Indian,Late Night,8,7,3,1,976
423,57,Male,City A,10,35.79,Mexican,Lunch,1,31,1,0,421
424,33,Other,City C,9,85.05,Italian,Dinner,4,45,3,1,167
425,30,Female,City D,6,31.34,Indian,Dinner,3,39,2,0,308
426,59,Male,City B,11,18.4,Indian,Dinner,8,32,4,0,294
427,47,Female,City A,5,8.29,Indian,Lunch,4,10,0,0,950
428,36,Female,City C,10,15.73,Italian,Late Night,8,10,4,0,2901
429,34,Male,City A,10,0.84,Mexican,Dinner,8,48,3,0,49
430,36,Male,City A,9,27.32,Mexican,Late Night,1,27,0,1,1
431,45,Male,City B,10,11.81,Mexican,Late Night,8,37,4,1,916
432,43,Male,City D,17,0.4,Chinese,Lunch,2,20,0,0,334
433,54,Male,City A,12,1.29,Chinese,Lunch,3,28,3,0,2124
434,43,Male,City C,8,9.8,Chinese,Late Night,0,9,2,0,396
435,40,Male,City C,10,17.51,Italian,Dinner,0,45,2,0,342
436,26,Other,City D,11,12.48,Indian,Dinner,0,46,4,0,314
437,29,Female,City C,6,19.31,Indian,Lunch,8,17,1,1,156
438,18,Male,City D,7,13.09,Italian,Lunch,7,16,3,0,871
439,18,Other,City C,16,21.68,Italian,Lunch,4,9,4,1,184
440,64,Other,City B,14,4.95,Mexican,Lunch,4,41,4,0,552
441,51,Other,City A,7,2.39,Mexican,Lunch,8,35,2,0,617
442,49,Female,City B,5,18.15,Chinese,Lunch,2,32,0,0,20
443,42,Male,City A,12,13.26,Chinese,Lunch,2,32,3,0,16
444,57,Other,City A,7,0.54,Italian,Dinner,6,34,0,0,734
445,62,Female,City A,12,9.58,Chinese,Lunch,8,22,3,0,1190
446,18,Female,City B,15,2.24,Indian,Lunch,5,48,1,1,2849
447,33,Female,City A,5,15.16,Italian,Dinner,1,31,2,1,197
448,56,Other,City B,7,10.08,Italian,Dinner,0,39,1,0,108
449,22,Male,City D,7,18.99,Indian,Late Night,1,30,4,1,53
450,39,Other,City C,10,32.76,Mexican,Lunch,0,43,2,0,572
451,46,Other,City C,11,7.12,Mexican,Lunch,9,22,4,1,975
452,20,Male,City A,12,65.46,Indian,Lunch,9,37,1,0,1836
453,29,Male,City B,11,15.34,Indian,Lunch,8,29,3,0,1147
454,43,Male,City C,16,19.26,Chinese,Late Night,9,35,4,0,233
455,33,Female,City B,9,22.83,Italian,Dinner,7,41,0,0,619
456,54,Male,City B,10,21.98,Chinese,Dinner,6,6,3,0,2411
457,39,Other,City A,10,14.31,Indian,Lunch,2,37,3,0,395
458,46,Male,City C,12,11.2,Chinese,Lunch,7,43,1,0,690
459,31,Other,City A,11,1.11,Indian,Lunch,1,47,1,0,3183
460,45,Female,City A,12,0.45,Chinese,Late Night,1,47,2,0,1326
461,22,Other,City C,10,8.86,Chinese,Late Night,9,36,2,0,1377
462,64,Other,City C,5,8.12,Mexican,Dinner,2,22,0,0,290
463,47,Male,City D,11,9.81,Indian,Lunch,6,21,3,0,535
464,63,Male,City D,16,2.98,Chinese,Lunch,0,38,0,1,85
465,22,Other,City B,13,26.8,Italian,Lunch,7,43,0,0,932
466,29,Male,City C,9,38.89,Chinese,Lunch,6,11,1,0,109
467,33,Female,City D,11,55.84,Chinese,Late Night,3,46,0,0,1807
468,43,Female,City B,16,13.56,Italian,Dinner,4,39,0,0,1684
469,43,Male,City B,16,24.14,Indian,Dinner,9,34,4,0,762
470,38,Female,City B,12,38.7,Mexican,Late Night,0,16,2,0,152
471,56,Male,City D,12,10.84,Mexican,Lunch,3,39,2,0,25
472,53,Other,City C,12,7.4,Mexican,Dinner,0,15,3,1,1593
473,50,Other,City A,12,55.21,Italian,Dinner,0,48,2,0,916
474,47,Female,City B,15,14.5,Chinese,Late Night,9,8,3,1,1241
475,54,Male,City D,13,13.75,Indian,Lunch,0,29,4,0,362
476,40,Male,City D,7,3.93,Chinese,Dinner,6,36,2,0,712
477,27,Female,City A,12,2.29,Mexican,Lunch,6,24,4,0,1375
478,22,Other,City A,7,36.92,Chinese,Dinner,3,35,2,0,620
479,53,Female,City D,13,19.05,Italian,Late Night,1,8,2,0,919
480,51,Other,City C,15,7.89,Italian,Lunch,2,42,4,0,1559
481,48,Male,City A,9,4.26,Indian,Late Night,7,5,0,0,242
482,27,Other,City D,9,16.22,Indian,Dinner,7,7,0,1,68
483,36,Female,City A,7,17.54,Mexican,Late Night,5,41,0,1,758
484,49,Male,City C,11,4.64,Indian,Late Night,9,26,0,0,64
485,18,Female,City B,9,38.13,Chinese,Late Night,8,21,2,1,1454
486,22,Female,City A,8,1.76,Italian,Dinner,8,18,1,0,1270
487,62,Other,City C,9,8.8,Italian,Lunch,3,45,4,0,2134
488,21,Female,City D,8,22.81,Italian,Late Night,0,39,1,0,1020
489,33,Other,City A,9,6.41,Indian,Lunch,0,17,1,0,69
490,41,Male,City A,13,35.17,Italian,Dinner,9,39,3,0,291
491,33,Other,City D,14,26.93,Italian,Lunch,4,47,0,1,1649
492,19,Male,City B,13,31.12,Italian,Late Night,1,6,2,0,182
493,45,Other,City D,14,2.54,Mexican,Late Night,5,17,0,0,1198
494,49,Female,City A,14,3.03,Mexican,Late Night,6,20,0,1,1515
495,44,Other,City D,10,6.75,Indian,Late Night,0,22,1,0,400
496,37,Other,City C,13,14.6,Italian,Late Night,5,11,3,0,389
497,41,Male,City D,10,27.57,Indian,Late Night,7,49,0,0,815
498,29,Female,City A,11,36.22,Italian,Dinner,4,40,4,0,1975
499,52,Other,City D,11,24.37,Italian,Dinner,6,45,4,0,253
500,50,Female,City B,10,52.79,Italian,Dinner,9,34,0,0,2834
501,50,Other,City D,7,26.85,Indian,Lunch,5,46,1,0,914
502,60,Other,City B,12,7.31,Indian,Lunch,3,45,1,1,4844
503,54,Female,City C,9,6.16,Italian,Dinner,6,11,2,1,93
504,29,Other,City B,5,23.83,Chinese,Lunch,9,19,3,0,135
505,20,Female,City D,12,4.29,Indian,Lunch,8,44,1,0,1752
506,18,Other,City A,13,1.95,Mexican,Late Night,9,23,2,0,2000
507,50,Male,City B,13,15.2,Indian,Late Night,9,47,4,1,589
508,57,Female,City C,16,34.48,Italian,Lunch,6,41,4,0,1252
509,27,Other,City B,10,2.14,Chinese,Lunch,4,6,4,0,2021
510,60,Other,City B,12,31.39,Italian,Dinner,6,46,0,1,44
511,61,Male,City B,7,33.38,Mexican,Lunch,2,17,3,1,853
512,46,Female,City C,13,13.17,Indian,Late Night,1,44,2,0,1920
513,30,Other,City D,9,1.18,Indian,Lunch,4,45,3,0,507
514,29,Male,City B,7,3.84,Italian,Dinner,3,47,0,0,360
515,48,Other,City B,15,24.58,Italian,Late Night,4,47,2,0,1588
516,63,Female,City A,13,24.88,Mexican,Late Night,7,35,2,0,409
517,19,Other,City C,10,45.73,Chinese,Late Night,3,20,1,0,3
518,52,Other,City B,14,17.48,Mexican,Late Night,8,46,3,0,3208
519,40,Other,City C,10,2.65,Chinese,Lunch,6,48,3,0,896
520,34,Other,City B,10,2.59,Indian,Dinner,9,10,1,0,1712
521,43,Male,City D,12,25.54,Chinese,Lunch,6,32,4,0,1744
522,25,Male,City D,10,4.06,Chinese,Lunch,7,36,0,0,68
523,46,Female,City B,10,7.96,Indian,Late Night,5,48,3,1,187
524,43,Male,City D,8,13.36,Indian,Dinner,7,14,1,0,372
525,27,Male,City B,8,0.5,Indian,Late Night,2,22,2,0,386
526,43,Female,City D,6,5.72,Mexican,Lunch,9,8,1,0,1075
527,51,Male,City A,11,10.48,Indian,Lunch,9,13,4,0,975
528,58,Male,City A,7,6.56,Italian,Late Night,0,11,0,0,682
529,24,Female,City A,6,2.93,Indian,Lunch,5,12,4,1,237
530,21,Female,City C,8,26.04,Indian,Lunch,0,47,2,0,481
531,62,Female,City C,12,33.55,Indian,Late Night,8,11,2,1,784
532,28,Other,City A,12,5.95,Chinese,Lunch,1,45,2,0,631
533,46,Other,City C,13,29.78,Mexican,Dinner,1,44,2,0,136
534,53,Female,City D,8,9.74,Indian,Late Night,6,7,1,1,1048
535,42,Female,City B,11,14.13,Mexican,Dinner,1,21,2,0,75
536,38,Female,City B,10,38.76,Italian,Lunch,9,6,2,0,475
537,53,Other,City B,13,27.72,Italian,Lunch,7,19,1,0,1237
538,27,Other,City A,9,32.71,Indian,Late Night,5,33,2,0,20
539,54,Male,City C,7,2.94,Italian,Lunch,6,26,4,1,843
540,26,Male,City D,14,1.45,Mexican,Late Night,6,8,4,1,407
541,41,Female,City D,12,44.77,Chinese,Late Night,5,10,3,1,8
542,52,Other,City A,10,9.82,Indian,Late Night,9,42,4,0,211
543,52,Other,City D,7,6.79,Italian,Late Night,8,30,0,0,2829
544,53,Other,City D,8,25.8,Mexican,Late Night,8,15,0,0,736
545,35,Female,City D,10,36.21,Mexican,Dinner,6,30,0,1,5887
546,56,Male,City D,9,39.68,Italian,Late Night,8,21,1,0,744
547,49,Female,City C,11,7.6,Mexican,Dinner,9,28,4,0,785
548,41,Male,City D,8,38.24,Mexican,Lunch,2,32,0,1,497
549,40,Male,City B,7,0.84,Indian,Late Night,2,39,3,0,371
550,49,Female,City A,14,1.02,Mexican,Lunch,0,35,1,0,289
551,54,Male,City C,11,19.54,Italian,Late Night,4,17,3,1,420
552,29,Male,City D,9,1.3,Indian,Dinner,3,39,4,0,615
553,30,Other,City C,3,7.85,Italian,Dinner,1,20,2,0,213
554,40,Male,City D,16,22.34,Chinese,Dinner,8,19,3,0,254
555,42,Female,City B,9,8.23,Italian,Lunch,2,47,2,0,316
556,52,Female,City A,5,3.96,Italian,Late Night,7,22,1,1,596
557,58,Male,City D,9,6.61,Indian,Lunch,5,41,3,0,1057
558,47,Other,City D,10,12.23,Mexican,Dinner,4,45,3,0,1938
559,34,Other,City D,12,12.9,Italian,Lunch,0,31,1,0,338
560,37,Male,City D,12,30.56,Indian,Dinner,3,39,1,1,203
561,42,Male,City A,9,27.74,Chinese,Dinner,2,49,0,0,476
562,39,Female,City A,7,12.21,Indian,Dinner,0,39,4,0,2247
563,30,Male,City B,9,37.37,Indian,Late Night,4,32,3,0,9
564,36,Other,City A,14,2.43,Mexican,Late Night,5,43,3,0,1132
565,53,Male,City D,13,5.9,Italian,Dinner,1,42,1,0,648
566,29,Female,City B,9,35.2,Chinese,Lunch,2,13,1,0,175
567,58,Female,City B,9,9.5,Indian,Lunch,5,16,4,0,387
568,36,Female,City B,7,79.46,Italian,Late Night,3,19,1,0,254
569,29,Female,City D,12,12.56,Italian,Dinner,8,25,2,1,2102
570,26,Female,City C,10,31.4,Indian,Lunch,4,39,2,0,657
571,24,Male,City D,6,10.29,Italian,Dinner,3,46,2,0,828
572,45,Male,City A,9,11.07,Indian,Lunch,1,37,2,0,900
573,31,Male,City A,10,9.65,Indian,Late Night,5,23,4,1,1020
574,48,Male,City D,12,25.39,Indian,Dinner,9,27,3,1,684
575,36,Female,City D,10,15.86,Chinese,Dinner,1,17,2,0,18
576,64,Other,City B,10,57.57,Indian,Lunch,6,48,1,1,407
577,33,Male,City D,11,5.78,Mexican,Lunch,2,5,2,0,203
578,22,Other,City B,13,2.12,Italian,Lunch,8,33,4,0,1139
579,52,Male,City A,6,9.99,Chinese,Dinner,4,28,1,0,58
580,29,Male,City B,10,19.18,Italian,Late Night,7,20,2,1,829
581,42,Other,City D,9,39.44,Chinese,Late Night,5,29,3,0,236
582,38,Female,City A,13,8.5,Mexican,Lunch,9,27,1,1,2972
583,53,Male,City C,9,21.21,Chinese,Late Night,7,32,1,0,408
584,40,Male,City B,10,8.62,Chinese,Lunch,2,20,3,0,393
585,33,Male,City A,9,19.21,Chinese,Late Night,2,47,1,0,2568
586,56,Other,City B,5,43.22,Italian,Dinner,4,42,2,1,540
587,62,Female,City A,13,5.26,Indian,Lunch,9,15,1,0,3293
588,59,Other,City A,13,10.36,Italian,Late Night,2,7,2,0,24
589,56,Other,City B,11,100.01,Indian,Dinner,7,19,3,0,365
590,31,Female,City C,9,40.58,Italian,Late Night,9,5,0,1,1097
591,48,Other,City A,4,16.63,Mexican,Dinner,7,11,3,0,2215
592,22,Female,City A,15,14.54,Mexican,Dinner,1,5,2,0,296
593,52,Male,City A,8,6.7,Chinese,Late Night,3,36,4,0,2666
594,40,Female,City C,10,14.56,Mexican,Late Night,9,13,3,1,901
595,46,Male,City C,16,37.7,Chinese,Dinner,0,33,4,1,1614
596,60,Other,City D,9,23.11,Indian,Dinner,3,30,4,1,506
597,28,Other,City B,12,6.85,Mexican,Dinner,3,27,2,0,238
598,35,Male,City C,6,4.5,Indian,Lunch,9,49,2,0,2421
599,64,Other,City B,9,6.16,Italian,Dinner,8,47,0,1,2705
600,29,Female,City D,11,3.72,Indian,Lunch,2,33,1,0,688
601,26,Male,City B,10,2.01,Italian,Dinner,1,42,3,0,6
602,27,Other,City C,10,10.86,Indian,Lunch,8,37,2,0,116
603,61,Male,City B,14,2.4,Indian,Dinner,8,11,3,1,851
604,34,Female,City C,14,3.77,Mexican,Dinner,0,16,4,0,24
605,55,Female,City B,20,15.85,Indian,Dinner,5,35,1,0,505
606,24,Other,City C,10,3.6,Mexican,Late Night,9,36,0,1,361
607,63,Female,City C,13,1.32,Mexican,Late Night,7,24,3,0,1252
608,30,Male,City B,7,7.64,Chinese,Dinner,2,21,1,0,57
609,57,Female,City D,11,4.98,Chinese,Lunch,8,40,0,1,670
610,59,Male,City A,17,14.48,Italian,Lunch,1,7,3,1,865
611,26,Male,City D,12,2.16,Indian,Dinner,5,5,1,1,960
612,44,Female,City B,6,27.87,Italian,Late Night,0,31,2,0,519
613,19,Other,City D,9,47.34,Indian,Lunch,6,44,3,0,362
614,22,Female,City C,15,27.21,Chinese,Late Night,2,37,1,1,1147
615,46,Male,City A,11,15.22,Chinese,Lunch,6,24,0,0,1881
616,54,Male,City B,11,39.42,Indian,Dinner,3,18,1,1,1182
617,55,Female,City B,12,23.74,Indian,Late Night,8,40,2,1,2689
618,36,Other,City B,11,0.21,Chinese,Lunch,4,9,3,0,1263
619,25,Other,City A,4,10.02,Chinese,Dinner,2,27,3,1,1446
620,62,Male,City C,15,38.07,Italian,Dinner,7,49,3,1,183
621,18,Male,City B,7,8.49,Chinese,Dinner,5,19,2,0,543
622,39,Other,City D,11,0.72,Indian,Late Night,1,10,0,0,663
623,34,Female,City B,9,27.42,Italian,Late Night,2,37,3,0,296
624,24,Male,City B,14,32.39,Indian,Dinner,7,23,0,0,751
625,42,Male,City B,7,3.5,Mexican,Late Night,9,17,1,0,343
626,62,Other,City B,12,15.42,Italian,Lunch,6,33,0,0,1163
627,21,Female,City C,13,4.26,Indian,Dinner,9,10,0,1,635
628,53,Other,City D,8,25.4,Chinese,Dinner,5,19,3,1,613
629,23,Female,City C,9,6.34,Mexican,Late Night,0,20,4,0,4113
630,48,Female,City D,15,7.6,Indian,Dinner,8,28,4,0,498
631,36,Female,City B,10,37.28,Italian,Lunch,2,27,2,0,449
632,61,Male,City A,9,12.94,Indian,Late Night,4,14,2,1,383
633,56,Other,City C,10,22.16,Mexican,Late Night,6,45,4,0,2251
634,44,Other,City A,16,10.3,Italian,Dinner,6,45,1,0,686
635,27,Female,City C,9,7.08,Mexican,Dinner,2,21,3,1,916
636,43,Male,City B,5,19.64,Indian,Dinner,3,48,3,0,199
637,36,Male,City C,6,3.37,Chinese,Late Night,9,49,1,1,778
638,56,Other,City B,11,9.34,Chinese,Dinner,6,34,1,1,321
639,20,Male,City C,9,4.69,Indian,Lunch,7,48,4,1,1311
640,62,Male,City B,13,23.8,Indian,Dinner,1,14,2,0,1786
641,30,Female,City B,12,57.72,Indian,Dinner,8,23,1,0,1254
642,45,Male,City D,6,108.12,Italian,Late Night,6,33,2,1,1310
643,37,Female,City B,13,11.97,Mexican,Dinner,7,6,0,0,718
644,45,Other,City D,8,5.82,Mexican,Late Night,5,40,3,0,1245
645,25,Male,City B,9,11.7,Mexican,Dinner,5,23,4,0,549
646,58,Other,City A,8,37.58,Indian,Lunch,8,11,3,0,1054
647,56,Other,City B,7,4.61,Mexican,Lunch,3,30,4,0,299
648,18,Male,City A,12,60.77,Indian,Late Night,4,19,0,0,72
649,20,Male,City A,3,8.37,Italian,Late Night,8,42,3,0,533
650,30,Other,City B,11,85.1,Chinese,Dinner,0,7,0,0,619
651,45,Male,City A,16,36.48,Indian,Dinner,3,42,4,0,296
652,42,Female,City D,10,33.06,Indian,Lunch,6,20,1,0,1300
653,50,Female,City C,11,7.65,Chinese,Dinner,8,6,3,0,76
654,55,Male,City B,12,0.18,Chinese,Lunch,9,35,0,0,251
655,23,Other,City A,6,9.63,Italian,Late Night,5,32,3,0,1380
656,61,Male,City B,9,7.19,Mexican,Dinner,7,11,3,0,574
657,62,Male,City D,13,0.76,Indian,Late Night,8,34,3,0,1221
658,49,Other,City B,12,14.08,Mexican,Dinner,9,47,2,0,838
659,62,Other,City B,14,10.32,Indian,Lunch,3,11,0,0,3010
660,64,Female,City A,12,20.13,Italian,Late Night,0,40,0,0,910
661,38,Other,City D,6,19.41,Chinese,Late Night,7,33,3,1,14
662,33,Female,City C,10,2.57,Italian,Dinner,1,28,1,0,435
663,38,Other,City C,15,75.42,Chinese,Late Night,0,43,3,1,154
664,28,Male,City A,11,4.14,Mexican,Lunch,6,8,2,0,2585
665,54,Female,City B,9,11.79,Mexican,Late Night,9,33,4,1,109
666,53,Female,City A,15,13.39,Italian,Late Night,8,48,2,0,490
667,52,Female,City A,12,33.54,Chinese,Dinner,8,9,1,0,256
668,36,Male,City A,10,2.09,Italian,Late Night,2,33,3,0,1875
669,37,Male,City B,11,11.19,Chinese,Dinner,5,34,0,0,368
670,35,Male,City D,11,19.8,Chinese,Dinner,6,33,3,0,4815
671,64,Male,City A,7,4.85,Mexican,Late Night,9,30,1,0,39
672,58,Male,City B,10,19.75,Mexican,Lunch,8,23,0,0,137
673,31,Female,City D,8,51.45,Chinese,Dinner,1,30,2,0,254
674,32,Male,City A,13,119.97,Chinese,Late Night,7,41,4,1,1666
675,48,Female,City C,12,0.66,Chinese,Dinner,6,31,4,0,2107
676,18,Male,City D,13,5.37,Mexican,Lunch,3,34,3,1,74
677,20,Other,City A,9,7.43,Mexican,Lunch,1,34,2,0,32
678,33,Female,City D,10,10.19,Indian,Dinner,7,7,1,0,1364
679,40,Other,City D,13,5.55,Chinese,Lunch,4,47,4,0,143
680,28,Female,City D,11,4.55,Indian,Late Night,5,11,2,0,142
681,29,Other,City D,12,61.82,Chinese,Late Night,6,13,3,0,22
682,27,Male,City D,13,50.15,Mexican,Dinner,9,45,0,0,51
683,49,Male,City D,11,0.96,Indian,Lunch,0,46,3,0,306
684,33,Male,City A,13,8.27,Indian,Late Night,7,17,3,1,67
685,25,Female,City C,8,10.39,Italian,Late Night,3,19,2,0,460
686,55,Other,City B,12,5.46,Chinese,Late Night,8,9,4,1,1788
687,29,Male,City D,7,19.82,Mexican,Dinner,0,33,2,1,395
688,41,Other,City B,11,20.45,Italian,Dinner,1,39,0,1,1301
689,45,Other,City A,7,38.01,Italian,Late Night,5,31,2,0,98
690,25,Male,City D,16,27.01,Chinese,Late Night,9,31,1,0,1076
691,45,Male,City C,8,15.64,Italian,Lunch,0,12,3,0,380
692,53,Other,City B,9,21.2,Chinese,Lunch,3,36,4,0,1385
693,43,Male,City D,8,6.4,Italian,Lunch,7,24,0,0,146
694,25,Male,City A,8,17.98,Chinese,Dinner,9,14,3,0,2281
695,45,Male,City C,8,13.44,Mexican,Late Night,4,17,2,0,277
696,45,Female,City B,11,2.86,Chinese,Dinner,8,33,1,0,435
697,54,Other,City B,11,5.56,Chinese,Late Night,5,39,2,1,2999
698,58,Other,City D,8,6.9,Indian,Lunch,0,12,3,0,863
699,53,Female,City C,11,51.62,Mexican,Lunch,5,33,0,0,455
700,44,Other,City C,8,5.24,Mexican,Lunch,5,35,4,1,2987
701,34,Male,City C,12,6.83,Mexican,Lunch,5,45,3,0,399
702,26,Other,City C,8,9.22,Italian,Late Night,7,34,0,0,99
703,50,Male,City A,13,21.8,Indian,Lunch,5,26,3,1,5759
704,37,Female,City C,6,2.52,Mexican,Late Night,4,25,1,0,311
705,30,Male,City B,14,61.56,Italian,Late Night,1,16,2,0,1905
706,45,Other,City B,9,40.13,Italian,Dinner,3,15,4,0,180
707,46,Other,City A,6,17.22,Italian,Lunch,9,6,0,0,1314
708,30,Other,City B,12,22.42,Indian,Lunch,4,45,4,0,743
709,63,Female,City B,8,0.34,Italian,Dinner,9,6,4,0,3958
710,52,Female,City C,15,8.28,Indian,Late Night,3,38,4,0,804
711,23,Other,City B,15,31.76,Chinese,Lunch,1,7,0,0,25
712,35,Male,City A,8,1.61,Italian,Late Night,6,20,0,1,926
713,22,Female,City C,8,6.63,Mexican,Dinner,9,8,4,0,157
714,64,Other,City D,16,17.6,Italian,Late Night,9,27,2,1,1602
715,42,Other,City C,10,5.93,Chinese,Lunch,1,24,3,0,1941
716,19,Female,City A,7,54.36,Chinese,Late Night,0,29,4,1,657
717,27,Female,City C,14,2.81,Italian,Late Night,4,34,1,0,1528
718,47,Female,City C,13,31.93,Chinese,Lunch,0,22,4,0,156
719,62,Male,City A,8,14.18,Indian,Lunch,0,46,0,0,677
720,22,Male,City C,9,27.75,Indian,Late Night,0,15,3,1,500
721,50,Other,City A,16,7.44,Italian,Late Night,5,33,1,0,944
722,18,Female,City A,6,14.45,Indian,Dinner,8,21,3,0,45
723,35,Male,City D,17,38.88,Indian,Lunch,9,30,3,0,1394
724,49,Female,City B,12,12.58,Mexican,Late Night,0,27,1,1,82
725,64,Other,City B,11,8.92,Italian,Lunch,4,24,4,0,1068
726,28,Male,City C,9,15.36,Chinese,Dinner,8,49,4,0,18
727,38,Male,City C,7,25.27,Italian,Late Night,8,6,4,0,1783
728,43,Male,City D,11,11.72,Indian,Late Night,0,28,2,0,192
729,42,Other,City D,14,55.9,Mexican,Late Night,7,35,4,1,724
730,39,Female,City D,12,6.99,Italian,Lunch,0,31,1,1,303
731,44,Male,City A,5,12.9,Italian,Dinner,7,6,2,0,1282
732,30,Other,City D,13,28.29,Indian,Lunch,0,18,4,0,387
733,50,Female,City D,4,23.37,Indian,Late Night,4,8,2,1,1289
734,51,Other,City C,5,39.85,Italian,Dinner,7,17,1,0,335
735,58,Female,City D,11,114.95,Indian,Late Night,5,40,4,1,1396
736,52,Other,City A,9,11.13,Indian,Late Night,8,39,0,0,31
737,18,Female,City A,7,2.36,Indian,Lunch,0,48,1,0,333
738,38,Male,City C,5,0.62,Indian,Late Night,8,12,3,0,690
739,23,Female,City D,10,25.96,Indian,Dinner,0,6,3,0,46
740,45,Other,City D,6,41.43,Mexican,Late Night,9,10,1,1,205
741,34,Other,City A,13,4.99,Indian,Late Night,9,35,3,0,2726
742,22,Female,City D,9,3.45,Chinese,Lunch,2,14,1,1,3765
743,48,Male,City D,11,1.28,Italian,Dinner,0,48,0,0,1346
744,22,Male,City D,6,34.6,Mexican,Lunch,2,25,1,1,290
745,55,Female,City B,8,7.46,Mexican,Late Night,1,46,4,0,301
746,20,Female,City C,4,10.27,Indian,Lunch,1,14,4,1,1037
747,40,Other,City B,8,13.97,Italian,Lunch,8,27,2,0,125
748,54,Male,City C,11,36.58,Chinese,Lunch,7,7,3,1,2962
749,54,Female,City A,14,21.04,Indian,Lunch,0,36,3,0,254
750,27,Male,City D,7,19.09,Italian,Late Night,3,24,1,0,7917
751,27,Female,City C,13,3.86,Indian,Late Night,0,14,3,1,684
752,36,Female,City B,12,14.4,Indian,Dinner,0,33,4,0,1475
753,34,Male,City D,7,25.13,Indian,Lunch,3,45,0,0,2
754,38,Female,City A,16,72.43,Indian,Lunch,1,38,1,0,2195
755,31,Female,City C,8,4.5,Indian,Dinner,2,41,3,0,314
756,26,Other,City C,9,0.19,Indian,Lunch,8,24,4,0,1102
757,63,Female,City C,10,1.57,Indian,Dinner,1,12,2,0,1641
758,18,Female,City D,8,9.43,Chinese,Late Night,3,11,3,0,179
759,62,Female,City B,8,34.36,Mexican,Dinner,0,10,0,0,584
760,30,Other,City B,6,0.14,Chinese,Lunch,1,15,0,0,680
761,21,Male,City C,10,12.2,Indian,Dinner,4,48,3,1,374
762,18,Other,City A,5,7.99,Indian,Late Night,9,22,3,0,657
763,57,Other,City A,19,1.08,Chinese,Lunch,0,46,4,0,382
764,49,Male,City B,8,11.97,Chinese,Late Night,6,33,3,0,447
765,51,Other,City A,9,5.88,Mexican,Late Night,3,29,2,0,1106
766,45,Male,City B,8,8.67,Chinese,Dinner,5,25,4,0,1001
767,48,Other,City C,8,24.46,Mexican,Late Night,7,7,1,0,264
768,25,Male,City B,13,14.74,Indian,Lunch,5,22,2,0,2277
769,56,Female,City B,9,2.66,Italian,Late Night,1,28,4,0,1986
770,43,Other,City C,11,65.1,Italian,Late Night,0,42,4,0,711
771,51,Other,City A,16,20.21,Italian,Dinner,7,14,0,1,567
772,20,Other,City B,10,29.04,Italian,Late Night,7,31,4,0,472
773,29,Other,City B,7,1.65,Indian,Dinner,8,16,2,0,1228
774,18,Female,City C,8,0.96,Italian,Dinner,5,11,3,0,1113
775,61,Other,City A,11,0.39,Chinese,Lunch,0,21,2,1,218
776,22,Female,City B,12,4.18,Chinese,Lunch,8,5,1,1,1113
777,47,Female,City C,8,10.7,Italian,Lunch,2,30,4,1,290
778,47,Female,City B,13,54.92,Chinese,Lunch,5,19,4,0,18
779,34,Female,City D,6,12.22,Mexican,Dinner,9,37,4,0,1201
780,64,Male,City C,11,6.86,Indian,Late Night,9,41,4,0,1035
781,40,Male,City A,7,16.51,Italian,Lunch,8,35,0,1,529
782,32,Other,City A,9,2.37,Italian,Lunch,2,39,0,1,745
783,54,Male,City A,7,18.81,Indian,Lunch,4,5,3,0,2940
784,38,Male,City A,15,16.81,Chinese,Late Night,4,12,4,0,904
785,31,Other,City B,13,31.4,Indian,Lunch,9,16,1,0,1072
786,19,Other,City B,11,86.38,Indian,Late Night,6,23,3,0,66
787,28,Other,City A,12,5.78,Chinese,Dinner,3,29,4,0,181
788,56,Male,City A,13,14.25,Indian,Dinner,3,36,0,0,358
789,55,Male,City A,6,47.91,Chinese,Dinner,6,16,1,0,775
790,51,Other,City B,4,30.76,Chinese,Late Night,8,17,3,0,1498
791,55,Female,City A,8,13.37,Indian,Lunch,3,32,1,0,387
792,51,Other,City A,8,58.14,Mexican,Lunch,3,5,4,0,440
793,35,Female,City D,7,1.18,Chinese,Lunch,5,10,2,0,295
794,47,Female,City D,13,53.47,Indian,Lunch,5,12,1,0,293
795,32,Other,City A,7,1.04,Chinese,Lunch,6,8,1,1,2973
796,44,Other,City C,9,15.85,Mexican,Late Night,0,9,0,1,1009
797,51,Other,City A,10,44.23,Mexican,Dinner,2,29,4,0,169
798,55,Male,City D,13,6.1,Italian,Lunch,8,26,1,0,1281
799,50,Female,City C,10,12.78,Chinese,Dinner,5,32,4,0,1280
800,41,Male,City C,5,7.84,Chinese,Late Night,5,43,0,0,1098
801,32,Male,City A,6,60.79,Indian,Late Night,4,27,4,1,144
802,47,Other,City D,8,34.71,Chinese,Lunch,2,8,0,1,524
803,59,Male,City D,5,24.69,Italian,Late Night,4,8,0,0,112
804,34,Other,City C,7,17.72,Mexican,Dinner,0,25,3,1,1696
805,22,Female,City A,11,34.36,Mexican,Lunch,2,41,4,1,1064
806,46,Other,City B,8,9.96,Italian,Lunch,3,45,2,1,707
807,21,Male,City B,10,11.87,Chinese,Dinner,4,6,3,0,420
808,27,Male,City D,10,26.19,Chinese,Lunch,9,11,0,0,203
809,34,Other,City B,7,8.86,Italian,Lunch,8,20,2,0,112
810,27,Other,City D,15,1.32,Indian,Dinner,3,21,1,0,3481
811,34,Male,City D,12,1.54,Mexican,Lunch,2,24,1,0,222
812,37,Female,City D,9,2.45,Italian,Lunch,9,27,3,1,61
813,41,Female,City B,11,40.76,Italian,Dinner,0,38,2,0,3261
814,22,Other,City D,13,12.78,Chinese,Late Night,9,15,4,1,796
815,51,Female,City C,8,24.96,Mexican,Dinner,5,38,2,0,1592
816,23,Male,City A,6,9.98,Chinese,Lunch,6,37,3,0,44
817,19,Other,City A,11,5.99,Italian,Dinner,9,30,4,1,836
818,30,Male,City D,13,8.53,Indian,Lunch,7,6,4,0,507
819,60,Male,City A,10,31.62,Mexican,Lunch,0,27,1,0,1478
820,60,Female,City B,10,19.63,Italian,Dinner,3,45,2,1,39
821,28,Other,City B,10,55.5,Italian,Lunch,4,26,4,1,513
822,64,Other,City A,6,22.77,Indian,Late Night,1,38,3,0,1604
823,40,Female,City B,13,16.89,Italian,Lunch,0,19,1,1,739
824,33,Male,City A,13,18.84,Italian,Dinner,7,14,4,0,798
825,48,Male,City A,9,57.07,Mexican,Late Night,5,19,2,1,102
826,28,Male,City A,12,31.04,Mexican,Late Night,4,46,1,1,141
827,33,Male,City D,11,0.49,Mexican,Lunch,8,33,2,0,1130
828,25,Other,City A,9,15.28,Chinese,Dinner,1,27,2,0,1124
829,21,Other,City D,6,23.32,Indian,Lunch,9,21,2,0,3868
830,57,Female,City A,11,27.62,Mexican,Lunch,7,13,1,0,1244
831,21,Female,City A,7,4.79,Chinese,Dinner,9,40,4,1,679
832,42,Other,City A,10,40.37,Chinese,Dinner,8,13,0,0,1947
833,20,Other,City B,11,62.4,Indian,Lunch,0,20,4,1,110
834,49,Male,City D,13,5.4,Indian,Late Night,6,40,1,1,596
835,20,Male,City D,10,42.85,Italian,Lunch,7,37,0,1,338
836,44,Female,City A,8,2.04,Chinese,Late Night,2,35,0,1,110
837,46,Other,City A,18,1.15,Mexican,Lunch,3,10,0,0,1441
838,49,Female,City B,16,2.77,Indian,Dinner,2,14,3,0,714
839,36,Other,City B,9,1.19,Chinese,Late Night,6,20,1,0,813
840,38,Male,City B,16,37.29,Mexican,Dinner,8,8,3,0,529
841,22,Female,City D,12,1.22,Chinese,Dinner,2,26,0,0,616
842,35,Female,City D,7,6.34,Indian,Dinner,5,17,3,0,123
843,45,Other,City D,7,2.19,Italian,Dinner,7,20,3,0,1117
844,59,Male,City A,12,7,Chinese,Dinner,5,33,1,1,566
845,39,Female,City D,11,1.9,Mexican,Lunch,1,10,2,1,1696
846,38,Male,City C,6,22.05,Indian,Late Night,6,30,3,0,218
847,23,Female,City C,11,2.86,Italian,Lunch,1,15,3,0,229
848,18,Male,City B,14,38.19,Mexican,Lunch,1,28,0,0,1037
849,22,Other,City D,12,33.99,Mexican,Lunch,1,33,0,0,1870
850,58,Female,City C,11,0.28,Mexican,Dinner,0,7,0,1,639
851,29,Female,City B,9,45.21,Chinese,Lunch,0,14,4,0,1298
852,43,Male,City D,11,0.59,Indian,Late Night,6,5,3,1,7308
853,63,Male,City A,10,5.48,Mexican,Lunch,4,47,0,0,4632
854,51,Female,City C,6,0.66,Chinese,Dinner,2,30,1,0,1363
855,31,Other,City A,14,8.18,Indian,Late Night,0,16,4,0,1345
856,43,Male,City D,12,14.43,Indian,Late Night,9,18,2,0,284
857,62,Male,City C,8,31.86,Chinese,Late Night,5,29,3,0,1792
858,44,Male,City D,11,8.25,Chinese,Late Night,0,12,3,1,519
859,26,Female,City A,7,24.45,Mexican,Lunch,8,47,1,1,3270
860,43,Female,City C,5,4.15,Indian,Dinner,1,8,2,0,84
861,64,Female,City A,8,27.77,Italian,Late Night,0,32,2,1,572
862,39,Female,City D,9,5.38,Chinese,Late Night,6,11,4,0,811
863,64,Other,City D,14,3.1,Indian,Dinner,5,14,3,1,519
864,47,Other,City A,6,4.1,Indian,Lunch,5,40,0,0,236
865,60,Female,City C,16,4.02,Mexican,Late Night,4,6,1,1,898
866,34,Other,City A,10,14.38,Italian,Lunch,3,30,1,0,1410
867,43,Male,City D,8,37.26,Mexican,Lunch,3,18,1,0,1035
868,53,Male,City A,15,1.66,Italian,Lunch,2,20,1,0,267
869,18,Male,City D,8,24.55,Italian,Lunch,9,47,0,0,1315
870,25,Female,City A,6,21.25,Chinese,Late Night,7,46,0,0,296
871,52,Male,City C,10,41.2,Indian,Late Night,6,21,4,0,192
872,32,Other,City C,9,5.6,Indian,Lunch,8,26,3,1,1173
873,64,Female,City A,9,11.96,Indian,Lunch,0,8,0,1,1850
874,39,Other,City A,6,52.03,Italian,Dinner,6,23,4,1,656
875,31,Male,City C,9,21.58,Indian,Dinner,9,6,2,1,757
876,43,Male,City D,10,9.85,Chinese,Dinner,3,43,3,1,360
877,45,Male,City C,10,2.82,Italian,Late Night,6,13,0,0,682
878,40,Female,City D,10,6.09,Italian,Dinner,0,23,2,0,141
879,31,Other,City A,11,17.41,Italian,Late Night,4,20,4,1,3119
880,41,Female,City A,9,25.33,Italian,Late Night,2,29,0,1,1611
881,19,Female,City D,12,2.66,Chinese,Late Night,4,22,0,0,1102
882,62,Male,City A,11,18.31,Indian,Late Night,3,27,2,0,772
883,43,Female,City D,13,15.99,Chinese,Dinner,1,25,0,0,1571
884,31,Female,City B,13,14.43,Indian,Lunch,3,15,1,1,682
885,24,Male,City C,13,23.43,Chinese,Lunch,2,43,0,0,356
886,20,Female,City B,10,36.34,Mexican,Lunch,0,45,3,1,174
887,64,Male,City D,7,7.8,Mexican,Dinner,9,8,2,1,1042
888,40,Male,City C,10,43.97,Mexican,Lunch,7,29,3,0,2651
889,63,Male,City D,8,3.5,Mexican,Dinner,4,36,4,0,166
890,60,Male,City C,8,3.8,Italian,Dinner,3,34,3,0,198
891,64,Female,City C,11,6.21,Italian,Dinner,9,49,1,0,568
892,62,Male,City C,4,2.55,Chinese,Lunch,4,30,1,0,1644
893,35,Male,City C,10,5.24,Chinese,Lunch,3,40,3,1,348
894,55,Female,City D,9,2.25,Mexican,Lunch,2,38,4,0,292
895,52,Female,City C,11,34.49,Indian,Late Night,4,13,0,0,967
896,32,Other,City C,13,2.99,Mexican,Dinner,3,16,1,0,767
897,42,Female,City B,16,27.51,Chinese,Late Night,0,6,3,1,62
898,54,Female,City A,12,0.98,Mexican,Dinner,2,42,3,0,85
899,45,Other,City A,9,59.33,Chinese,Lunch,9,9,3,1,1030
900,27,Female,City B,13,24.84,Mexican,Dinner,9,9,0,0,625
901,56,Female,City B,11,0.14,Indian,Dinner,7,26,2,0,3539
902,34,Female,City D,13,28.87,Mexican,Late Night,6,9,4,0,1134
903,56,Female,City D,4,14.43,Indian,Dinner,1,8,2,0,10
904,39,Other,City D,4,30.22,Indian,Lunch,0,13,4,0,655
905,43,Female,City B,5,14.78,Chinese,Dinner,2,33,4,0,535
906,61,Female,City B,16,20.49,Indian,Dinner,4,26,3,0,112
907,42,Other,City C,11,30.87,Italian,Dinner,9,31,1,0,2566
908,34,Male,City D,9,10.39,Italian,Late Night,0,14,3,0,1634
909,30,Other,City D,9,0.05,Italian,Dinner,2,20,0,1,261
910,37,Male,City D,6,37.94,Chinese,Dinner,2,46,4,0,295
911,42,Other,City A,7,9.59,Italian,Late Night,4,46,1,0,32
912,21,Other,City C,10,13.71,Chinese,Late Night,2,14,4,1,351
913,27,Female,City D,14,0.16,Chinese,Late Night,8,10,4,1,878
914,20,Male,City D,6,13.55,Italian,Late Night,0,9,3,1,546
915,58,Female,City D,12,86.08,Indian,Lunch,3,10,1,0,3482
916,62,Male,City A,5,6.52,Mexican,Lunch,9,29,1,1,57
917,35,Other,City A,7,10.06,Chinese,Dinner,9,8,4,0,895
918,64,Other,City B,10,23.24,Italian,Lunch,3,44,1,0,1954
919,53,Male,City C,11,33.73,Chinese,Dinner,0,36,1,1,655
920,64,Female,City B,10,10.8,Indian,Lunch,1,39,3,0,2
921,39,Female,City C,9,7.41,Indian,Late Night,0,14,2,0,278
922,51,Female,City A,10,55.56,Italian,Late Night,5,38,0,0,391
923,64,Female,City D,10,22.61,Chinese,Lunch,2,40,2,1,3381
924,25,Other,City B,7,2.53,Mexican,Lunch,6,10,1,0,2427
925,57,Other,City D,9,1.43,Mexican,Dinner,4,47,4,0,2979
926,61,Other,City B,7,13.22,Chinese,Dinner,8,20,0,0,1747
927,36,Other,City A,8,4.97,Chinese,Dinner,6,23,0,0,433
928,59,Other,City A,11,5.86,Chinese,Late Night,3,38,4,1,2363
929,58,Female,City A,10,42.02,Italian,Late Night,4,29,0,0,4000
930,54,Female,City B,15,1.88,Indian,Late Night,4,35,4,0,430
931,23,Female,City C,13,25.13,Mexican,Late Night,4,45,0,1,301
932,43,Female,City B,8,6.33,Italian,Dinner,9,21,2,0,791
933,51,Other,City C,11,28.57,Chinese,Late Night,8,34,0,0,207
934,62,Other,City B,11,25.63,Chinese,Late Night,9,43,3,1,33
935,23,Other,City B,5,0.15,Indian,Late Night,2,35,4,0,2915
936,54,Male,City A,7,14.23,Chinese,Late Night,5,23,0,0,2600
937,50,Female,City D,14,3,Italian,Lunch,7,39,4,1,177
938,39,Female,City D,9,40.23,Italian,Dinner,8,33,3,1,523
939,38,Other,City C,8,41.05,Indian,Dinner,6,5,0,1,1778
940,23,Female,City D,4,10.84,Italian,Late Night,2,8,0,1,1081
941,23,Female,City B,16,11.75,Mexican,Lunch,0,32,3,1,502
942,21,Other,City B,9,7.23,Italian,Dinner,3,22,3,1,1363
943,47,Male,City A,6,25.22,Italian,Dinner,5,30,3,1,2273
944,28,Male,City A,8,8.88,Italian,Late Night,2,44,4,0,2605
945,47,Male,City D,10,6.23,Mexican,Late Night,0,23,3,0,476
946,48,Other,City C,11,11.32,Chinese,Dinner,5,10,4,1,190
947,41,Female,City D,6,1.92,Italian,Dinner,0,5,2,0,2439
948,26,Other,City D,7,27.46,Indian,Lunch,8,12,0,0,97
949,20,Other,City D,9,0.25,Mexican,Dinner,0,37,0,0,1279
950,48,Female,City D,8,20.68,Indian,Dinner,5,47,1,0,151
951,57,Male,City B,10,4.04,Italian,Late Night,0,25,2,0,493
952,54,Male,City C,7,5.29,Indian,Dinner,6,28,3,1,530
953,53,Other,City B,15,20.19,Italian,Late Night,2,29,3,1,172
954,41,Male,City C,9,99.08,Mexican,Dinner,5,47,2,1,2559
955,48,Other,City A,11,30.08,Indian,Dinner,6,23,3,1,2
956,23,Other,City D,6,5.12,Indian,Dinner,0,33,1,0,2242
957,19,Female,City B,12,3.87,Italian,Lunch,0,14,4,0,2152
958,37,Female,City C,5,40.23,Italian,Late Night,4,16,0,0,381
959,45,Female,City A,12,11.75,Chinese,Lunch,5,37,2,0,1218
960,28,Other,City A,3,2.95,Italian,Dinner,8,11,0,0,291
961,21,Female,City D,13,39.64,Italian,Lunch,0,21,4,0,1422
962,32,Male,City C,11,33.87,Chinese,Late Night,3,14,2,0,823
963,23,Male,City B,5,82.59,Italian,Dinner,9,35,4,0,356
964,47,Other,City D,6,48.1,Italian,Lunch,7,10,3,1,511
965,55,Other,City B,11,38.18,Chinese,Lunch,9,21,3,0,1170
966,19,Female,City A,11,1.08,Mexican,Late Night,8,41,3,0,2365
967,32,Other,City B,8,2.21,Mexican,Lunch,2,22,4,0,140
968,28,Other,City B,9,16.83,Italian,Late Night,1,30,4,0,847
969,25,Male,City D,11,15.16,Italian,Dinner,3,20,4,0,292
970,43,Male,City B,8,12.25,Chinese,Dinner,1,12,0,0,1616
971,62,Female,City D,10,10.11,Chinese,Lunch,0,28,4,0,72
972,61,Other,City A,12,11.28,Mexican,Dinner,2,17,3,1,1167
973,22,Other,City D,13,16.85,Indian,Dinner,6,33,1,0,192
974,23,Male,City D,12,0.04,Italian,Lunch,0,36,4,1,907
975,43,Other,City C,10,6.04,Indian,Dinner,1,28,1,1,1806
976,21,Male,City B,10,14.61,Indian,Lunch,0,20,3,0,1406
977,36,Female,City A,11,25.62,Chinese,Late Night,7,15,4,1,1398
978,37,Male,City D,4,3.83,Italian,Late Night,4,36,0,0,729
979,50,Other,City A,11,15.83,Italian,Late Night,7,10,0,0,2214
980,37,Female,City C,6,25.07,Chinese,Lunch,2,39,1,0,886
981,29,Male,City B,8,11.76,Indian,Lunch,6,37,0,1,2495
982,64,Male,City D,12,0.55,Chinese,Dinner,7,22,0,0,790
983,18,Female,City B,8,11.93,Mexican,Dinner,5,41,0,1,705
984,43,Female,City C,11,7.03,Italian,Dinner,6,17,3,1,251
985,31,Male,City C,8,53.09,Mexican,Dinner,1,14,0,1,786
986,55,Other,City A,7,2.66,Chinese,Dinner,7,41,2,0,151
987,54,Male,City D,8,21.14,Italian,Lunch,4,30,4,1,2037
988,28,Female,City A,9,1.08,Mexican,Lunch,6,21,0,0,1126
989,53,Male,City C,10,11.82,Mexican,Late Night,0,5,0,0,5057
990,30,Female,City B,9,16.15,Indian,Late Night,4,29,0,1,96
991,60,Female,City A,15,7.08,Italian,Late Night,0,38,2,1,275
992,20,Other,City A,12,12.14,Mexican,Late Night,7,43,0,0,2096
993,50,Female,City B,8,3.57,Mexican,Lunch,3,14,0,0,502
994,23,Female,City A,15,7.25,Indian,Lunch,3,24,4,0,627
995,27,Other,City B,5,19.41,Mexican,Lunch,1,11,2,0,1970
996,22,Female,City D,5,7.18,Mexican,Dinner,4,20,2,0,737
997,40,Other,City B,11,46,Mexican,Dinner,0,41,0,0,215
998,27,Other,City D,9,19.8,Indian,Late Night,8,33,2,0,2225
999,61,Female,City B,7,11.55,Mexican,Dinner,4,16,1,1,31
1000,19,Female,City C,8,0.79,Mexican,Lunch,5,21,2,0,2257
